{
    "GameObject": {
        "NormalEnemy": {
            "m_findJumpPow": 0.10000000149011612,
            "m_jumpPow": 0.05000000074505806,
            "m_moveSpeed": 0.05000000074505806,
            "name": "NormalEnemy"
        }
    }
}
